prediction,RecencyMean,FrequencyMean,MonetaryMean,Count,Percentage
Churned,-1.3912538413472413,0.30088420324113935,0.1879577027720051,650,16.68
Loyal,0.40274435599458086,-1.3109041868222824,-1.5811109722224828,528,13.55
Potential,0.2098405036658467,-0.32602013747787817,-0.3191751967185503,1470,37.71
VIP,-0.12005788747062533,0.6186883898685162,0.5636080357341754,1250,32.07
